<?xml version="1.0" encoding="UTF-8"?>
<!--
  ~ Copyright 2006-2013 ICEsoft Technologies Inc.
  ~
  ~ Licensed under the Apache License, Version 2.0 (the "License");
  ~ you may not use this file except in compliance with the
  ~ License. You may obtain a copy of the License at
  ~
  ~        http://www.apache.org/licenses/LICENSE-2.0
  ~
  ~ Unless required by applicable law or agreed to in writing,
  ~ software distributed under the License is distributed on an "AS
  ~ IS" BASIS, WITHOUT WARRANTIES OR CONDITIONS OF ANY KIND, either
  ~ express or implied. See the License for the specific language
  ~ governing permissions and limitations under the License.
  -->
<faces-config version="1.2"
              xmlns="http://java.sun.com/xml/ns/javaee"
              xmlns:xsi="http://www.w3.org/2001/XMLSchema-instance"
              xsi:schemaLocation="http://java.sun.com/xml/ns/javaee http://java.sun.com/xml/ns/javaee/web-facesconfig_1_2.xsd">

    <application>

        <!-- JSF 1.2 allows for resource bundles to be declared in faces config instead of <f:loadBundle />-->
        <resource-bundle>
            <base-name>org.icepdf.examples.jsf.viewer.resources.messages
            </base-name>
            <var>msgs</var>
        </resource-bundle>

        <view-handler>
            com.icesoft.faces.facelets.D2DFaceletViewHandler
        </view-handler>

        <locale-config>
            <default-locale>en</default-locale>
            <supported-locale>en</supported-locale>
        </locale-config>
    </application>

    <managed-bean>
        <managed-bean-name>documentCache</managed-bean-name>
        <managed-bean-class>
            org.icepdf.examples.jsf.viewer.view.DocumentCache
        </managed-bean-class>
        <managed-bean-scope>application</managed-bean-scope>
    </managed-bean>

    <managed-bean>
        <managed-bean-name>documentManager</managed-bean-name>
        <managed-bean-class>
            org.icepdf.examples.jsf.viewer.view.DocumentManager
        </managed-bean-class>
        <managed-bean-scope>session</managed-bean-scope>
        <!-- set default demo file to load,  file must be present in demo folder -->
        <managed-property>
            <property-name>documentDemoFile</property-name>
            <value>ICEpdf Developers Guide.pdf</value>
        </managed-property>
        <!-- demo version has configurable font engine -->
        <managed-property>
            <property-name>demo</property-name>
            <value>true</value>
        </managed-property>
    </managed-bean>

</faces-config>
