<!--
  ~ Copyright 2006-2013 ICEsoft Technologies Inc.
  ~
  ~ Licensed under the Apache License, Version 2.0 (the "License");
  ~ you may not use this file except in compliance with the
  ~ License. You may obtain a copy of the License at
  ~
  ~        http://www.apache.org/licenses/LICENSE-2.0
  ~
  ~ Unless required by applicable law or agreed to in writing,
  ~ software distributed under the License is distributed on an "AS
  ~ IS" BASIS, WITHOUT WARRANTIES OR CONDITIONS OF ANY KIND, either
  ~ express or implied. See the License for the specific language
  ~ governing permissions and limitations under the License.
  -->

<project name="build.common">

    <property name="build.dir" location="./build"/>
    <property name="dist.dir" location="./dist"/>
    <property name="src.dir" location="./src"/>

    <property name="build.classes.dir" location="${build.dir}/classes"/>
    <property name="build.lib.dir" location="../lib"/>

    <property name="compile.source" value="1.5"/>
    <property name="compile.target" value="1.5"/>
    <property name="compile.debug" value="true"/>

    <property name="productinfo.file" value="ProductInfo.java"/>
    <property name="company" value="ICEsoft Technologies, Inc."/>
    <property name="product" value="ICEpdf"/>
    <property name="version.primary" value="x"/>
    <property name="version.secondary" value="x"/>
    <property name="version.tertiary" value="x"/>
    <property name="release.type" value="x"/>
    <property name="revision" value="x"/>
    <property name="build.number" value="x"/>

    <patternset id="icepdf.lib.batik.jars"
                includes="
                batik-awt-util.jar
                batik-dom.jar
                batik-svg-dom.jar
                batik-svggen.jar
                batik-util.jar
                batik-xml.jar
                "
            />

    <target name="update.product.info">
        <copy file="${productinfo.src}/${productinfo.file}"
              todir="${productinfo.dest}" overwrite="true"/>
        <replace file="${productinfo.dest}/${productinfo.file}">
            <replacefilter token="@company@" value="${company}"/>
            <replacefilter token="@product@" value="${product}"/>
            <replacefilter token="@version.primary@"
                           value="${version.primary}"/>
            <replacefilter token="@version.secondary@"
                           value="${version.secondary}"/>
            <replacefilter token="@version.tertiary@"
                           value="${version.tertiary}"/>
            <replacefilter token="@release.type@" value="${release.type}"/>
            <replacefilter token="@revision@" value="${revision}"/>
            <replacefilter token="@build.number@" value="${build.number}"/>
        </replace>
    </target>

    <path id="compile.run.classpath">
        <pathelement location="${build.classes.dir}"/>
        <fileset dir="${build.lib.dir}">
            <patternset refid="icepdf.lib.batik.jars"/>
        </fileset>
    </path>

    <macrodef name="clean">
        <sequential>
            <delete includeemptydirs="true" quiet="true">
                <fileset dir="${build.dir}"/>
                <fileset dir="${dist.dir}"/>
            </delete>
        </sequential>
    </macrodef>

    <macrodef name="compile">
        <attribute name="src.copy.excludes" default=""/>
        <attribute name="failonerror" default="true"/>
        <attribute name="src.javac.excludes" default=""/>
        <element name="add.javac.elements" optional="true"/>

        <sequential>
            <mkdir dir="${build.classes.dir}"/>

            <javac destdir="${build.classes.dir}" sourcepath="" encoding="UTF-8"
                   source="${compile.source}" target="${compile.target}"
                   debug="${compile.debug}" failonerror="@{failonerror}">
                <compilerarg line="-XDignore.symbol.file" compiler="modern"/>
                <src location="${src.dir}"/>
                <include name="**/*.java"/>
                <exclude name="@{src.javac.excludes}"/>
                <classpath refid="compile.run.classpath"/>
                <add.javac.elements/>
            </javac>

        </sequential>
    </macrodef>

    <macrodef name="build.jar">
        <attribute name="jar.file.name" default="${ant.project.name}.jar"/>

        <element name="add.jar.src.includes" optional="true"/>
        <element name="add.manifest.elements" optional="true"/>

        <sequential>
            <delete file="${dist.dir}/@{jar.file.name}"/>
            <mkdir dir="${dist.dir}"/>
            <jar destfile="${dist.dir}/@{jar.file.name}" duplicate="fail">
                <fileset dir="${build.classes.dir}"/>
                <fileset dir="${src.dir}">
                    <add.jar.src.includes/>
                </fileset>
                <manifest>
                    <add.manifest.elements/>
                    <!-- ICEpdf version information -->
                    <section name="org.icepdf.pdf">
                        <attribute name="Implementation-Title"
                                   value="${product}"/>
                        <attribute name="Implementation-Version"
                                   value="${release.type} ${version.primary}.${version.secondary}.${version.tertiary}_${build.number} (${buildtime})"/>
                        <attribute name="Implementation-Vendor"
                                   value="${company}"/>
                    </section>
                </manifest>
            </jar>
        </sequential>
    </macrodef>

</project>
